admin,1234,Admin User,ADMIN,111111111,admin@bank.gr,6900000000,false,1000.00,0.00,0.00,Athens HQ,true,true,true,true
gpapadopoulos,1234,Giannis Papadopoulos,INDIVIDUAL,123456789,gpapadopoulos@mail.com,6911111111,false,200.00,100.00,100.00,Odos Eolou 12 Athina,true,true,true,true
vodafone,1234,VODAFONE AE,BUSINESS,333333333,info@vodafone.gr,2101234567,false,5000.00,0.00,0.00,Kifisias 10 Marousi,true,true,true,true
bankoftuc,1234,Bank OfTuc,BUSINESS,000000000,info@bank.gr,2100000000,true,1000000.00,0.00,0.00,Kentrika TUC,false,false,false,false
mpapadopoulou,1234,Maria Papadopoulou,INDIVIDUAL,111222333,mpapadopoulou@mail.com,6922222222,false,500.00,100.00,100.00,Odos Panepistimiou 5,true,true,true,true
dei,1234,ΔΕΗ AE,BUSINESS,444444444,info@dei.gr,2101234566,false,5000.00,100.00,100.00,Xalkokondili 30 Athina,true,true,true,true
ngioldasis,1234,Nektarios Gioldasis,INDIVIDUAL,987654321,ngioldasis@mail.com,6922222222,false,200.00,100.00,100.00,Polytechneioupoli Chania,true,true,true,true
